nombre_foto,peso_kg
BLF2320_0.jpg,215.0
BLF2320_1.jpg,215.0
BLF2320_3.jpg,215.0
video_BLF2320_3.jpg,215.0
video_BLF2320_7.jpg,215.0
BLF2228_0.jpg,207.0
BLF2228_1.jpg,207.0
BLF2228_3.jpg,207.0
video_BLF2228_3.jpg,207.0
video_BLF2228_7.jpg,207.0
BLF2635_0.jpg,257.0
BLF2635_1.jpg,257.0
BLF2635_3.jpg,257.0
video_BLF2635_3.jpg,257.0
video_BLF2635_7.jpg,257.0
BLF2528_0.jpg,477.0
BLF2528_1.jpg,477.0
BLF2528_3.jpg,477.0
video_BLF2528_3.jpg,477.0
video_BLF2528_7.jpg,477.0
BLF2273_0.jpg,208.0
BLF2273_1.jpg,208.0
BLF2273_3.jpg,208.0
video_BLF2273_3.jpg,208.0
video_BLF2273_7.jpg,208.0
BLF2263_0.jpg,225.0
BLF2263_1.jpg,225.0
BLF2263_3.jpg,225.0
video_BLF2263_3.jpg,225.0
video_BLF2263_7.jpg,225.0
BLF2079_0.jpg,262.0
BLF2079_1.jpg,262.0
BLF2079_3.jpg,262.0
video_BLF2079_3.jpg,262.0
video_BLF2079_7.jpg,262.0
BLF2310_0.jpg,224.0
BLF2310_1.jpg,224.0
BLF2310_3.jpg,224.0
video_BLF2310_3.jpg,224.0
video_BLF2310_7.jpg,224.0
BLF2165_0.jpg,250.0
BLF2165_1.jpg,250.0
BLF2165_3.jpg,250.0
video_BLF2165_3.jpg,250.0
video_BLF2165_7.jpg,250.0
BLF2642_0.jpg,297.0
BLF2642_1.jpg,297.0
BLF2642_3.jpg,297.0
video_BLF2642_3.jpg,297.0
video_BLF2642_7.jpg,297.0
BLF2578_0.jpg,220.0
BLF2578_1.jpg,220.0
BLF2578_3.jpg,220.0
video_BLF2578_3.jpg,220.0
video_BLF2578_7.jpg,220.0
BLF2037_0.jpg,200.0
BLF2037_1.jpg,200.0
BLF2037_3.jpg,200.0
video_BLF2037_3.jpg,200.0
video_BLF2037_7.jpg,200.0
BLF2297_0.jpg,247.0
BLF2297_1.jpg,247.0
BLF2297_3.jpg,247.0
video_BLF2297_3.jpg,247.0
video_BLF2297_7.jpg,247.0
lateral_6.png,450.0
BLF2304_0.jpg,230.0
BLF2304_1.jpg,230.0
BLF2304_3.jpg,230.0
video_BLF2304_3.jpg,230.0
video_BLF2304_7.jpg,230.0
lateral_52.png,443.0
BLF2638_0.jpg,210.0
BLF2638_1.jpg,210.0
BLF2638_3.jpg,210.0
video_BLF2638_3.jpg,210.0
video_BLF2638_7.jpg,210.0
BLF2249_0.jpg,211.0
BLF2249_1.jpg,211.0
BLF2249_3.jpg,211.0
video_BLF2249_3.jpg,211.0
video_BLF2249_7.jpg,211.0
BLF2078_0.jpg,227.0
BLF2078_1.jpg,227.0
BLF2078_3.jpg,227.0
video_BLF2078_3.jpg,227.0
video_BLF2078_7.jpg,227.0
BLF2615_0.jpg,183.0
BLF2615_1.jpg,183.0
BLF2615_3.jpg,183.0
video_BLF2615_3.jpg,183.0
video_BLF2615_7.jpg,183.0
BLF2627_0.jpg,210.0
BLF2627_1.jpg,210.0
BLF2627_3.jpg,210.0
video_BLF2627_3.jpg,210.0
video_BLF2627_7.jpg,210.0
BLF2083_0.jpg,205.0
BLF2083_1.jpg,205.0
BLF2083_3.jpg,205.0
video_BLF2083_3.jpg,205.0
video_BLF2083_7.jpg,205.0
lateral_29.png,550.0
BLF2148_0.jpg,283.0
BLF2148_1.jpg,283.0
BLF2148_3.jpg,283.0
video_BLF2148_3.jpg,283.0
video_BLF2148_7.jpg,283.0
BLF2667_0.jpg,242.0
BLF2667_1.jpg,242.0
BLF2667_3.jpg,242.0
video_BLF2667_3.jpg,242.0
video_BLF2667_7.jpg,242.0
BLF2518_0.jpg,330.0
BLF2518_1.jpg,330.0
BLF2518_3.jpg,330.0
video_BLF2518_3.jpg,330.0
video_BLF2518_7.jpg,330.0
BLF2114_0.jpg,246.0
BLF2114_1.jpg,246.0
BLF2114_3.jpg,246.0
video_BLF2114_3.jpg,246.0
video_BLF2114_7.jpg,246.0
BLF2652_0.jpg,223.0
BLF2652_1.jpg,223.0
BLF2652_3.jpg,223.0
video_BLF2652_3.jpg,223.0
video_BLF2652_7.jpg,223.0
BLF2184_0.jpg,235.0
BLF2184_1.jpg,235.0
BLF2184_3.jpg,235.0
video_BLF2184_3.jpg,235.0
video_BLF2184_7.jpg,235.0
BLF2556_0.jpg,381.0
BLF2556_1.jpg,381.0
BLF2556_3.jpg,381.0
video_BLF2556_3.jpg,381.0
video_BLF2556_7.jpg,381.0
BLF2044_0.jpg,255.0
BLF2044_1.jpg,255.0
BLF2044_3.jpg,255.0
video_BLF2044_3.jpg,255.0
video_BLF2044_7.jpg,255.0
BLF2607_0.jpg,348.0
BLF2607_1.jpg,348.0
BLF2607_3.jpg,348.0
video_BLF2607_3.jpg,348.0
video_BLF2607_7.jpg,348.0
BLF2101_0.jpg,238.0
BLF2101_1.jpg,238.0
BLF2101_3.jpg,238.0
video_BLF2101_3.jpg,238.0
video_BLF2101_7.jpg,238.0
lateral_34.png,497.0
BLF2056_0.jpg,218.0
BLF2056_1.jpg,218.0
BLF2056_3.jpg,218.0
video_BLF2056_3.jpg,218.0
video_BLF2056_7.jpg,218.0
lateral_41.png,479.0
BLF2530_0.jpg,389.0
BLF2530_1.jpg,389.0
BLF2530_3.jpg,389.0
video_BLF2530_3.jpg,389.0
video_BLF2530_7.jpg,389.0
BLF2634_0.jpg,207.0
BLF2634_1.jpg,207.0
BLF2634_3.jpg,207.0
video_BLF2634_3.jpg,207.0
video_BLF2634_7.jpg,207.0
lateral_23.png,362.0
BLF2076_0.jpg,272.0
BLF2076_1.jpg,272.0
BLF2076_3.jpg,272.0
video_BLF2076_3.jpg,272.0
video_BLF2076_7.jpg,272.0
BLF2672_0.jpg,232.0
BLF2672_1.jpg,232.0
BLF2672_3.jpg,232.0
video_BLF2672_3.jpg,232.0
video_BLF2672_7.jpg,232.0
BLF2649_0.jpg,223.0
BLF2649_1.jpg,223.0
BLF2649_3.jpg,223.0
video_BLF2649_3.jpg,223.0
video_BLF2649_7.jpg,223.0
BLF2204_0.jpg,201.0
BLF2204_1.jpg,201.0
BLF2204_3.jpg,201.0
video_BLF2204_3.jpg,201.0
video_BLF2204_7.jpg,201.0
BLF2012_0.jpg,245.0
BLF2012_1.jpg,245.0
BLF2012_3.jpg,245.0
video_BLF2012_3.jpg,245.0
video_BLF2012_7.jpg,245.0
BLF2236_0.jpg,199.0
BLF2236_1.jpg,199.0
BLF2236_3.jpg,199.0
video_BLF2236_3.jpg,199.0
video_BLF2236_7.jpg,199.0
BLF2036_0.jpg,230.0
BLF2036_1.jpg,230.0
BLF2036_3.jpg,230.0
video_BLF2036_3.jpg,230.0
video_BLF2036_7.jpg,230.0
lateral_64.png,610.0
BLF2224_0.jpg,194.0
BLF2224_1.jpg,194.0
BLF2224_3.jpg,194.0
video_BLF2224_3.jpg,194.0
video_BLF2224_7.jpg,194.0
BLF2281_0.jpg,241.0
BLF2281_1.jpg,241.0
BLF2281_3.jpg,241.0
video_BLF2281_3.jpg,241.0
video_BLF2281_7.jpg,241.0
BLF2299_0.jpg,237.0
BLF2299_1.jpg,237.0
BLF2299_3.jpg,237.0
video_BLF2299_3.jpg,237.0
video_BLF2299_7.jpg,237.0
lateral_21.png,403.0
BLF2026_0.jpg,210.0
BLF2026_1.jpg,210.0
BLF2026_3.jpg,210.0
video_BLF2026_3.jpg,210.0
video_BLF2026_7.jpg,210.0
BLF2161_0.jpg,204.0
BLF2161_1.jpg,204.0
BLF2161_3.jpg,204.0
video_BLF2161_3.jpg,204.0
video_BLF2161_7.jpg,204.0
BLF2193_0.jpg,252.0
BLF2193_1.jpg,252.0
BLF2193_3.jpg,252.0
video_BLF2193_3.jpg,252.0
video_BLF2193_7.jpg,252.0
BLF2510_0.jpg,243.0
BLF2510_1.jpg,243.0
BLF2510_3.jpg,243.0
video_BLF2510_3.jpg,243.0
video_BLF2510_7.jpg,243.0
BLF2335_0.jpg,155.0
BLF2335_1.jpg,155.0
BLF2335_3.jpg,155.0
video_BLF2335_3.jpg,155.0
video_BLF2335_7.jpg,155.0
BLF2555_0.jpg,226.0
BLF2555_1.jpg,226.0
BLF2555_3.jpg,226.0
video_BLF2555_3.jpg,226.0
video_BLF2555_7.jpg,226.0
BLF2513_0.jpg,415.0
BLF2513_1.jpg,415.0
BLF2513_3.jpg,415.0
video_BLF2513_3.jpg,415.0
video_BLF2513_7.jpg,415.0
BLF2190_0.jpg,269.0
BLF2190_1.jpg,269.0
BLF2190_3.jpg,269.0
video_BLF2190_3.jpg,269.0
video_BLF2190_7.jpg,269.0
lateral_18.png,434.0
BLF2198_0.jpg,266.0
BLF2198_1.jpg,266.0
BLF2198_3.jpg,266.0
video_BLF2198_3.jpg,266.0
video_BLF2198_7.jpg,266.0
BLF2543_0.jpg,440.0
BLF2543_1.jpg,440.0
BLF2543_3.jpg,440.0
video_BLF2543_3.jpg,440.0
video_BLF2543_7.jpg,440.0
BLF2288_0.jpg,174.0
BLF2288_1.jpg,174.0
BLF2288_3.jpg,174.0
video_BLF2288_3.jpg,174.0
video_BLF2288_7.jpg,174.0
BLF2305_0.jpg,221.0
BLF2305_1.jpg,221.0
BLF2305_3.jpg,221.0
video_BLF2305_3.jpg,221.0
video_BLF2305_7.jpg,221.0
BLF2665_0.jpg,226.0
BLF2665_1.jpg,226.0
BLF2665_3.jpg,226.0
video_BLF2665_3.jpg,226.0
video_BLF2665_7.jpg,226.0
BLF2018_0.jpg,200.0
BLF2018_1.jpg,200.0
BLF2018_3.jpg,200.0
video_BLF2018_3.jpg,200.0
video_BLF2018_7.jpg,200.0
BLF2062_0.jpg,267.0
BLF2062_1.jpg,267.0
BLF2062_3.jpg,267.0
video_BLF2062_3.jpg,267.0
video_BLF2062_7.jpg,267.0
BLF2088_0.jpg,271.0
BLF2088_1.jpg,271.0
BLF2088_3.jpg,271.0
video_BLF2088_3.jpg,271.0
video_BLF2088_7.jpg,271.0
BLF2246_0.jpg,228.0
BLF2246_1.jpg,228.0
BLF2246_3.jpg,228.0
video_BLF2246_3.jpg,228.0
video_BLF2246_7.jpg,228.0
BLF2045_0.jpg,225.0
BLF2045_1.jpg,225.0
BLF2045_3.jpg,225.0
video_BLF2045_3.jpg,225.0
video_BLF2045_7.jpg,225.0
BLF2221_0.jpg,239.0
BLF2221_1.jpg,239.0
BLF2221_3.jpg,239.0
video_BLF2221_3.jpg,239.0
video_BLF2221_7.jpg,239.0
lateral_37.png,612.0
BLF2241_0.jpg,213.0
BLF2241_1.jpg,213.0
BLF2241_3.jpg,213.0
video_BLF2241_3.jpg,213.0
video_BLF2241_7.jpg,213.0
BLF2648_0.jpg,235.0
BLF2648_1.jpg,235.0
BLF2648_3.jpg,235.0
video_BLF2648_3.jpg,235.0
video_BLF2648_7.jpg,235.0
BLF2666_0.jpg,240.0
BLF2666_1.jpg,240.0
BLF2666_3.jpg,240.0
video_BLF2666_3.jpg,240.0
video_BLF2666_7.jpg,240.0
BLF2077_0.jpg,279.0
BLF2077_1.jpg,279.0
BLF2077_3.jpg,279.0
video_BLF2077_3.jpg,279.0
video_BLF2077_7.jpg,279.0
BLF2120_0.jpg,220.0
BLF2120_1.jpg,220.0
BLF2120_3.jpg,220.0
video_BLF2120_3.jpg,220.0
video_BLF2120_7.jpg,220.0
BLF2593_0.jpg,210.0
BLF2593_1.jpg,210.0
BLF2593_3.jpg,210.0
video_BLF2593_3.jpg,210.0
video_BLF2593_7.jpg,210.0
BLF2116_0.jpg,263.0
BLF2116_1.jpg,263.0
BLF2116_3.jpg,263.0
video_BLF2116_3.jpg,263.0
video_BLF2116_7.jpg,263.0
BLF2223_0.jpg,236.0
BLF2223_1.jpg,236.0
BLF2223_3.jpg,236.0
video_BLF2223_3.jpg,236.0
video_BLF2223_7.jpg,236.0
BLF2253_0.jpg,268.0
BLF2253_1.jpg,268.0
BLF2253_3.jpg,268.0
video_BLF2253_3.jpg,268.0
video_BLF2253_7.jpg,268.0
BLF2328_0.jpg,251.0
BLF2328_1.jpg,251.0
BLF2328_3.jpg,251.0
video_BLF2328_3.jpg,251.0
video_BLF2328_7.jpg,251.0
BLF2298_0.jpg,218.0
BLF2298_1.jpg,218.0
BLF2298_3.jpg,218.0
video_BLF2298_3.jpg,218.0
video_BLF2298_7.jpg,218.0
BLF2511_0.jpg,280.0
BLF2511_1.jpg,280.0
BLF2511_3.jpg,280.0
video_BLF2511_3.jpg,280.0
video_BLF2511_7.jpg,280.0
lateral_59.png,602.0
BLF2604_0.jpg,186.0
BLF2604_1.jpg,186.0
BLF2604_3.jpg,186.0
video_BLF2604_3.jpg,186.0
video_BLF2604_7.jpg,186.0
BLF2048_0.jpg,285.0
BLF2048_1.jpg,285.0
BLF2048_3.jpg,285.0
video_BLF2048_3.jpg,285.0
video_BLF2048_7.jpg,285.0
lateral_12.png,362.0
BLF2668_0.jpg,273.0
BLF2668_1.jpg,273.0
BLF2668_3.jpg,273.0
video_BLF2668_3.jpg,273.0
video_BLF2668_7.jpg,273.0
lateral_38.png,559.0
BLF2283_0.jpg,220.0
BLF2283_1.jpg,220.0
BLF2283_3.jpg,220.0
video_BLF2283_3.jpg,220.0
video_BLF2283_7.jpg,220.0
BLF2670_0.jpg,235.0
BLF2670_1.jpg,235.0
BLF2670_3.jpg,235.0
video_BLF2670_3.jpg,235.0
video_BLF2670_7.jpg,235.0
lateral_71.png,586.0
BLF2326_0.jpg,244.0
BLF2326_1.jpg,244.0
BLF2326_3.jpg,244.0
video_BLF2326_3.jpg,244.0
video_BLF2326_7.jpg,244.0
lateral_7.png,495.0
BLF2138_0.jpg,213.0
BLF2138_1.jpg,213.0
BLF2138_3.jpg,213.0
video_BLF2138_3.jpg,213.0
video_BLF2138_7.jpg,213.0
BLF2025_0.jpg,205.0
BLF2025_1.jpg,205.0
BLF2025_3.jpg,205.0
video_BLF2025_3.jpg,205.0
video_BLF2025_7.jpg,205.0
BLF2248_0.jpg,255.0
BLF2248_1.jpg,255.0
BLF2248_3.jpg,255.0
video_BLF2248_3.jpg,255.0
video_BLF2248_7.jpg,255.0
BLF2144_0.jpg,222.0
BLF2144_1.jpg,222.0
BLF2144_3.jpg,222.0
video_BLF2144_3.jpg,222.0
video_BLF2144_7.jpg,222.0
BLF2600_0.jpg,257.0
BLF2600_1.jpg,257.0
BLF2600_3.jpg,257.0
video_BLF2600_3.jpg,257.0
video_BLF2600_7.jpg,257.0
BLF2630_0.jpg,359.0
BLF2630_1.jpg,359.0
BLF2630_3.jpg,359.0
video_BLF2630_3.jpg,359.0
video_BLF2630_7.jpg,359.0
BLF2262_0.jpg,213.0
BLF2262_1.jpg,213.0
BLF2262_3.jpg,213.0
video_BLF2262_3.jpg,213.0
video_BLF2262_7.jpg,213.0
lateral_39.png,617.0
lateral_68.png,617.0
BLF2614_0.jpg,372.0
BLF2614_1.jpg,372.0
BLF2614_3.jpg,372.0
video_BLF2614_3.jpg,372.0
video_BLF2614_7.jpg,372.0
BLF2270_0.jpg,222.0
BLF2270_1.jpg,222.0
BLF2270_3.jpg,222.0
video_BLF2270_3.jpg,222.0
video_BLF2270_7.jpg,222.0
lateral_19.png,367.0
lateral_10.png,467.0
BLF2033_0.jpg,160.0
BLF2033_1.jpg,160.0
BLF2033_3.jpg,160.0
video_BLF2033_3.jpg,160.0
video_BLF2033_7.jpg,160.0
BLF2102_0.jpg,179.0
BLF2102_1.jpg,179.0
BLF2102_3.jpg,179.0
video_BLF2102_3.jpg,179.0
video_BLF2102_7.jpg,179.0
BLF2259_0.jpg,251.0
BLF2259_1.jpg,251.0
BLF2259_3.jpg,251.0
video_BLF2259_3.jpg,251.0
video_BLF2259_7.jpg,251.0
BLF2124_0.jpg,283.0
BLF2124_1.jpg,283.0
BLF2124_3.jpg,283.0
video_BLF2124_3.jpg,283.0
video_BLF2124_7.jpg,283.0
BLF2303_0.jpg,300.0
BLF2303_1.jpg,300.0
BLF2303_3.jpg,300.0
video_BLF2303_3.jpg,300.0
video_BLF2303_7.jpg,300.0
BLF2031_0.jpg,230.0
BLF2031_1.jpg,230.0
BLF2031_3.jpg,230.0
video_BLF2031_3.jpg,230.0
video_BLF2031_7.jpg,230.0
BLF2520_0.jpg,378.0
BLF2520_1.jpg,378.0
BLF2520_3.jpg,378.0
video_BLF2520_3.jpg,378.0
video_BLF2520_7.jpg,378.0
BLF2212_0.jpg,210.0
BLF2212_1.jpg,210.0
BLF2212_3.jpg,210.0
video_BLF2212_3.jpg,210.0
video_BLF2212_7.jpg,210.0
lateral_25.png,362.0
lateral_50.png,600.0
BLF2654_0.jpg,255.0
BLF2654_1.jpg,255.0
BLF2654_3.jpg,255.0
video_BLF2654_3.jpg,255.0
video_BLF2654_7.jpg,255.0
BLF2663_0.jpg,206.0
BLF2663_1.jpg,206.0
BLF2663_3.jpg,206.0
video_BLF2663_3.jpg,206.0
video_BLF2663_7.jpg,206.0
BLF2126_0.jpg,245.0
BLF2126_1.jpg,245.0
BLF2126_3.jpg,245.0
video_BLF2126_3.jpg,245.0
video_BLF2126_7.jpg,245.0
BLF2330_0.jpg,231.0
BLF2330_1.jpg,231.0
BLF2330_3.jpg,231.0
video_BLF2330_3.jpg,231.0
video_BLF2330_7.jpg,231.0
BLF2108_0.jpg,250.0
BLF2108_1.jpg,250.0
BLF2108_3.jpg,250.0
video_BLF2108_3.jpg,250.0
video_BLF2108_7.jpg,250.0
lateral_28.png,601.0
BLF2213_0.jpg,194.0
BLF2213_1.jpg,194.0
BLF2213_3.jpg,194.0
video_BLF2213_3.jpg,194.0
video_BLF2213_7.jpg,194.0
BLF2269_0.jpg,250.0
BLF2269_1.jpg,250.0
BLF2269_3.jpg,250.0
video_BLF2269_3.jpg,250.0
video_BLF2269_7.jpg,250.0
BLF2574_0.jpg,200.0
BLF2574_1.jpg,200.0
BLF2574_3.jpg,200.0
video_BLF2574_3.jpg,200.0
video_BLF2574_7.jpg,200.0
BLF2054_0.jpg,273.0
BLF2054_1.jpg,273.0
BLF2054_3.jpg,273.0
video_BLF2054_3.jpg,273.0
video_BLF2054_7.jpg,273.0
BLF2125_0.jpg,260.0
BLF2125_1.jpg,260.0
BLF2125_3.jpg,260.0
video_BLF2125_3.jpg,260.0
video_BLF2125_7.jpg,260.0
BLF2256_0.jpg,229.0
BLF2256_1.jpg,229.0
BLF2256_3.jpg,229.0
video_BLF2256_3.jpg,229.0
video_BLF2256_7.jpg,229.0
BLF2324_0.jpg,260.0
BLF2324_1.jpg,260.0
BLF2324_3.jpg,260.0
video_BLF2324_3.jpg,260.0
video_BLF2324_7.jpg,260.0
BLF2250_0.jpg,210.0
BLF2250_1.jpg,210.0
BLF2250_3.jpg,210.0
video_BLF2250_3.jpg,210.0
video_BLF2250_7.jpg,210.0
BLF2070_0.jpg,236.0
BLF2070_1.jpg,236.0
BLF2070_3.jpg,236.0
video_BLF2070_3.jpg,236.0
video_BLF2070_7.jpg,236.0
BLF2149_0.jpg,244.0
BLF2149_1.jpg,244.0
BLF2149_3.jpg,244.0
video_BLF2149_3.jpg,244.0
video_BLF2149_7.jpg,244.0
BLF2188_0.jpg,261.0
BLF2188_1.jpg,261.0
BLF2188_3.jpg,261.0
video_BLF2188_3.jpg,261.0
video_BLF2188_7.jpg,261.0
BLF2187_0.jpg,254.0
BLF2187_1.jpg,254.0
BLF2187_3.jpg,254.0
video_BLF2187_3.jpg,254.0
video_BLF2187_7.jpg,254.0
BLF2278_0.jpg,212.0
BLF2278_1.jpg,212.0
BLF2278_3.jpg,212.0
video_BLF2278_3.jpg,212.0
video_BLF2278_7.jpg,212.0
BLF2677_0.jpg,380.0
BLF2677_1.jpg,380.0
BLF2677_3.jpg,380.0
video_BLF2677_3.jpg,380.0
video_BLF2677_7.jpg,380.0
BLF2611_0.jpg,412.0
BLF2611_1.jpg,412.0
BLF2611_3.jpg,412.0
video_BLF2611_3.jpg,412.0
video_BLF2611_7.jpg,412.0
lateral_48.png,486.0
BLF2533_0.jpg,434.0
BLF2533_1.jpg,434.0
BLF2533_3.jpg,434.0
video_BLF2533_3.jpg,434.0
video_BLF2533_7.jpg,434.0
BLF2153_0.jpg,275.0
BLF2153_1.jpg,275.0
BLF2153_3.jpg,275.0
video_BLF2153_3.jpg,275.0
video_BLF2153_7.jpg,275.0
BLF2217_0.jpg,230.0
BLF2217_1.jpg,230.0
BLF2217_3.jpg,230.0
video_BLF2217_3.jpg,230.0
video_BLF2217_7.jpg,230.0
BLF2595_0.jpg,243.0
BLF2595_1.jpg,243.0
BLF2595_3.jpg,243.0
video_BLF2595_3.jpg,243.0
video_BLF2595_7.jpg,243.0
BLF2068_0.jpg,200.0
BLF2068_1.jpg,200.0
BLF2068_3.jpg,200.0
video_BLF2068_3.jpg,200.0
video_BLF2068_7.jpg,200.0
BLF2162_0.jpg,245.0
BLF2162_1.jpg,245.0
BLF2162_3.jpg,245.0
video_BLF2162_3.jpg,245.0
video_BLF2162_7.jpg,245.0
BLF2308_0.jpg,204.0
BLF2308_1.jpg,204.0
BLF2308_3.jpg,204.0
video_BLF2308_3.jpg,204.0
video_BLF2308_7.jpg,204.0
BLF2343_0.jpg,222.0
BLF2343_1.jpg,222.0
BLF2343_3.jpg,222.0
BLF2272_0.jpg,239.0
BLF2272_1.jpg,239.0
BLF2272_3.jpg,239.0
video_BLF2272_3.jpg,239.0
video_BLF2272_7.jpg,239.0
BLF2009_0.jpg,226.0
BLF2009_1.jpg,226.0
BLF2009_3.jpg,226.0
video_BLF2009_3.jpg,226.0
video_BLF2009_7.jpg,226.0
BLF2601_0.jpg,273.0
BLF2601_1.jpg,273.0
BLF2601_3.jpg,273.0
video_BLF2601_3.jpg,273.0
video_BLF2601_7.jpg,273.0
BLF2023_0.jpg,225.0
BLF2023_1.jpg,225.0
BLF2023_3.jpg,225.0
video_BLF2023_3.jpg,225.0
video_BLF2023_7.jpg,225.0
BLF2312_0.jpg,176.0
BLF2312_1.jpg,176.0
BLF2312_3.jpg,176.0
video_BLF2312_3.jpg,176.0
video_BLF2312_7.jpg,176.0
lateral_56.png,408.0
BLF2625_0.jpg,205.0
BLF2625_1.jpg,205.0
BLF2625_3.jpg,205.0
video_BLF2625_3.jpg,205.0
video_BLF2625_7.jpg,205.0
BLF2650_0.jpg,207.0
BLF2650_1.jpg,207.0
BLF2650_3.jpg,207.0
video_BLF2650_3.jpg,207.0
video_BLF2650_7.jpg,207.0
BLF2024_0.jpg,230.0
BLF2024_1.jpg,230.0
BLF2024_3.jpg,230.0
video_BLF2024_3.jpg,230.0
video_BLF2024_7.jpg,230.0
lateral_40.png,342.0
lateral_13.png,444.0
BLF2315_0.jpg,191.0
BLF2315_1.jpg,191.0
BLF2315_3.jpg,191.0
video_BLF2315_3.jpg,191.0
video_BLF2315_7.jpg,191.0
BLF2552_0.jpg,412.0
BLF2552_1.jpg,412.0
BLF2552_3.jpg,412.0
video_BLF2552_3.jpg,412.0
video_BLF2552_7.jpg,412.0
BLF2176_0.jpg,229.0
BLF2176_1.jpg,229.0
BLF2176_3.jpg,229.0
video_BLF2176_3.jpg,229.0
video_BLF2176_7.jpg,229.0
BLF2674_0.jpg,195.0
BLF2674_1.jpg,195.0
BLF2674_3.jpg,195.0
video_BLF2674_3.jpg,195.0
video_BLF2674_7.jpg,195.0
BLF2641_0.jpg,270.0
BLF2641_1.jpg,270.0
BLF2641_3.jpg,270.0
video_BLF2641_3.jpg,270.0
video_BLF2641_7.jpg,270.0
BLF2219_0.jpg,229.0
BLF2219_1.jpg,229.0
BLF2219_3.jpg,229.0
video_BLF2219_3.jpg,229.0
video_BLF2219_7.jpg,229.0
BLF2562_0.jpg,230.0
BLF2562_1.jpg,230.0
BLF2562_3.jpg,230.0
video_BLF2562_3.jpg,230.0
video_BLF2562_7.jpg,230.0
BLF2141_0.jpg,277.0
BLF2141_1.jpg,277.0
BLF2141_3.jpg,277.0
video_BLF2141_3.jpg,277.0
video_BLF2141_7.jpg,277.0
BLF2594_0.jpg,183.0
BLF2594_1.jpg,183.0
BLF2594_3.jpg,183.0
video_BLF2594_3.jpg,183.0
video_BLF2594_7.jpg,183.0
BLF2069_0.jpg,202.0
BLF2069_1.jpg,202.0
BLF2069_3.jpg,202.0
video_BLF2069_3.jpg,202.0
video_BLF2069_7.jpg,202.0
BLF2284_0.jpg,164.0
BLF2284_1.jpg,164.0
BLF2284_3.jpg,164.0
video_BLF2284_3.jpg,164.0
video_BLF2284_7.jpg,164.0
BLF2276_0.jpg,229.0
BLF2276_1.jpg,229.0
BLF2276_3.jpg,229.0
video_BLF2276_3.jpg,229.0
video_BLF2276_7.jpg,229.0
BLF2526_0.jpg,276.0
BLF2526_1.jpg,276.0
BLF2526_3.jpg,276.0
video_BLF2526_3.jpg,276.0
video_BLF2526_7.jpg,276.0
BLF2585_0.jpg,234.0
BLF2585_1.jpg,234.0
BLF2585_3.jpg,234.0
video_BLF2585_3.jpg,234.0
video_BLF2585_7.jpg,234.0
BLF2201_0.jpg,257.0
BLF2201_1.jpg,257.0
BLF2201_3.jpg,257.0
video_BLF2201_3.jpg,257.0
video_BLF2201_7.jpg,257.0
BLF2123_0.jpg,300.0
BLF2123_1.jpg,300.0
BLF2123_3.jpg,300.0
video_BLF2123_3.jpg,300.0
video_BLF2123_7.jpg,300.0
lateral_66.png,346.0
BLF2567_0.jpg,216.0
BLF2567_1.jpg,216.0
BLF2567_3.jpg,216.0
video_BLF2567_3.jpg,216.0
video_BLF2567_7.jpg,216.0
BLF2598_0.jpg,199.0
BLF2598_1.jpg,199.0
BLF2598_3.jpg,199.0
video_BLF2598_3.jpg,199.0
video_BLF2598_7.jpg,199.0
BLF2100_0.jpg,208.0
BLF2100_1.jpg,208.0
BLF2100_3.jpg,208.0
video_BLF2100_3.jpg,208.0
video_BLF2100_7.jpg,208.0
BLF2300_0.jpg,197.0
BLF2300_1.jpg,197.0
BLF2300_3.jpg,197.0
video_BLF2300_3.jpg,197.0
video_BLF2300_7.jpg,197.0
BLF2075_0.jpg,225.0
BLF2075_1.jpg,225.0
BLF2075_3.jpg,225.0
video_BLF2075_3.jpg,225.0
video_BLF2075_7.jpg,225.0
BLF2072_0.jpg,281.0
BLF2072_1.jpg,281.0
BLF2072_3.jpg,281.0
video_BLF2072_3.jpg,281.0
video_BLF2072_7.jpg,281.0
BLF2505_0.jpg,375.0
BLF2505_1.jpg,375.0
BLF2505_3.jpg,375.0
video_BLF2505_3.jpg,375.0
video_BLF2505_7.jpg,375.0
BLF2669_0.jpg,235.0
BLF2669_1.jpg,235.0
BLF2669_3.jpg,235.0
video_BLF2669_3.jpg,235.0
video_BLF2669_7.jpg,235.0
BLF2309_0.jpg,246.0
BLF2309_1.jpg,246.0
BLF2309_3.jpg,246.0
video_BLF2309_3.jpg,246.0
video_BLF2309_7.jpg,246.0
BLF2049_0.jpg,300.0
BLF2049_1.jpg,300.0
BLF2049_3.jpg,300.0
video_BLF2049_3.jpg,300.0
video_BLF2049_7.jpg,300.0
BLF2664_0.jpg,276.0
BLF2664_1.jpg,276.0
BLF2664_3.jpg,276.0
video_BLF2664_3.jpg,276.0
video_BLF2664_7.jpg,276.0
BLF2151_0.jpg,205.0
BLF2151_1.jpg,205.0
BLF2151_3.jpg,205.0
video_BLF2151_3.jpg,205.0
video_BLF2151_7.jpg,205.0
BLF2035_0.jpg,242.0
BLF2035_1.jpg,242.0
BLF2035_3.jpg,242.0
video_BLF2035_3.jpg,242.0
video_BLF2035_7.jpg,242.0
BLF2150_0.jpg,223.0
BLF2150_1.jpg,223.0
BLF2150_3.jpg,223.0
video_BLF2150_3.jpg,223.0
video_BLF2150_7.jpg,223.0
BLF2199_0.jpg,229.0
BLF2199_1.jpg,229.0
BLF2199_3.jpg,229.0
video_BLF2199_3.jpg,229.0
video_BLF2199_7.jpg,229.0
lateral_47.png,511.0
BLF2548_0.jpg,444.0
BLF2548_1.jpg,444.0
BLF2548_3.jpg,444.0
video_BLF2548_3.jpg,444.0
video_BLF2548_7.jpg,444.0
BLF2010_0.jpg,224.0
BLF2010_1.jpg,224.0
BLF2010_3.jpg,224.0
video_BLF2010_3.jpg,224.0
video_BLF2010_7.jpg,224.0
BLF2311_0.jpg,181.0
BLF2311_1.jpg,181.0
BLF2311_3.jpg,181.0
video_BLF2311_3.jpg,181.0
video_BLF2311_7.jpg,181.0
BLF2209_0.jpg,262.0
BLF2209_1.jpg,262.0
BLF2209_3.jpg,262.0
video_BLF2209_3.jpg,262.0
video_BLF2209_7.jpg,262.0
BLF 2340_0.jpg,270.0
BLF 2340_1.jpg,270.0
BLF 2340_3.jpg,270.0
BLF2504_0.jpg,383.0
BLF2504_1.jpg,383.0
BLF2504_3.jpg,383.0
video_BLF2504_3.jpg,383.0
video_BLF2504_7.jpg,383.0
BLF2509_0.jpg,322.0
BLF2509_1.jpg,322.0
BLF2509_3.jpg,322.0
video_BLF2509_3.jpg,322.0
video_BLF2509_7.jpg,322.0
BLF2097_0.jpg,213.0
BLF2097_1.jpg,213.0
BLF2097_3.jpg,213.0
video_BLF2097_3.jpg,213.0
video_BLF2097_7.jpg,213.0
BLF2240_0.jpg,217.0
BLF2240_1.jpg,217.0
BLF2240_3.jpg,217.0
video_BLF2240_3.jpg,217.0
video_BLF2240_7.jpg,217.0
BLF2569_0.jpg,276.0
BLF2569_1.jpg,276.0
BLF2569_3.jpg,276.0
video_BLF2569_3.jpg,276.0
video_BLF2569_7.jpg,276.0
lateral_49.png,342.0
BLF2534_0.jpg,390.0
BLF2534_1.jpg,390.0
BLF2534_3.jpg,390.0
video_BLF2534_3.jpg,390.0
video_BLF2534_7.jpg,390.0
BLF2194_0.jpg,196.0
BLF2194_1.jpg,196.0
BLF2194_3.jpg,196.0
video_BLF2194_3.jpg,196.0
video_BLF2194_7.jpg,196.0
BLF2061_0.jpg,288.0
BLF2061_1.jpg,288.0
BLF2061_3.jpg,288.0
video_BLF2061_3.jpg,288.0
video_BLF2061_7.jpg,288.0
BLF2322_0.jpg,178.0
BLF2322_1.jpg,178.0
BLF2322_3.jpg,178.0
video_BLF2322_3.jpg,178.0
video_BLF2322_7.jpg,178.0
BLF2109_0.jpg,205.0
BLF2109_1.jpg,205.0
BLF2109_3.jpg,205.0
video_BLF2109_3.jpg,205.0
video_BLF2109_7.jpg,205.0
BLF2319_0.jpg,227.0
BLF2319_1.jpg,227.0
BLF2319_3.jpg,227.0
video_BLF2319_3.jpg,227.0
video_BLF2319_7.jpg,227.0
BLF2591_0.jpg,195.0
BLF2591_1.jpg,195.0
BLF2591_3.jpg,195.0
video_BLF2591_3.jpg,195.0
video_BLF2591_7.jpg,195.0
BLF 2342_0.jpg,256.0
BLF 2342_1.jpg,256.0
BLF 2342_3.jpg,256.0
video_BLF 2342_3.jpg,256.0
video_BLF 2342_7.jpg,256.0
BLF2658_0.jpg,197.0
BLF2658_1.jpg,197.0
BLF2658_3.jpg,197.0
video_BLF2658_3.jpg,197.0
video_BLF2658_7.jpg,197.0
BLF2094_0.jpg,221.0
BLF2094_1.jpg,221.0
BLF2094_3.jpg,221.0
video_BLF2094_3.jpg,221.0
video_BLF2094_7.jpg,221.0
BLF2274_0.jpg,235.0
BLF2274_1.jpg,235.0
BLF2274_3.jpg,235.0
video_BLF2274_3.jpg,235.0
video_BLF2274_7.jpg,235.0
BLF2676_0.jpg,415.0
BLF2676_1.jpg,415.0
BLF2676_3.jpg,415.0
video_BLF2676_3.jpg,415.0
video_BLF2676_7.jpg,415.0
lateral_72.png,567.0
lateral_31.png,486.0
lateral_63.png,608.0
lateral_11.png,466.0
BLF2066_0.jpg,185.0
BLF2066_1.jpg,185.0
BLF2066_3.jpg,185.0
video_BLF2066_3.jpg,185.0
video_BLF2066_7.jpg,185.0
BLF2005_0.jpg,205.0
BLF2005_1.jpg,205.0
BLF2005_3.jpg,205.0
video_BLF2005_3.jpg,205.0
video_BLF2005_7.jpg,205.0
BLF2516_0.jpg,355.0
BLF2516_1.jpg,355.0
BLF2516_3.jpg,355.0
video_BLF2516_3.jpg,355.0
video_BLF2516_7.jpg,355.0
BLF2159_0.jpg,225.0
BLF2159_1.jpg,225.0
BLF2159_3.jpg,225.0
video_BLF2159_3.jpg,225.0
video_BLF2159_7.jpg,225.0
BLF2503_0.jpg,606.0
BLF2503_1.jpg,606.0
BLF2503_3.jpg,606.0
video_BLF2503_3.jpg,606.0
video_BLF2503_7.jpg,606.0
BLF2296_0.jpg,211.0
BLF2296_1.jpg,211.0
BLF2296_3.jpg,211.0
video_BLF2296_3.jpg,211.0
video_BLF2296_7.jpg,211.0
BLF2563_0.jpg,206.0
BLF2563_1.jpg,206.0
BLF2563_3.jpg,206.0
video_BLF2563_3.jpg,206.0
video_BLF2563_7.jpg,206.0
BLF2245_0.jpg,258.0
BLF2245_1.jpg,258.0
BLF2245_3.jpg,258.0
video_BLF2245_3.jpg,258.0
video_BLF2245_7.jpg,258.0
BLF2247_0.jpg,200.0
BLF2247_1.jpg,200.0
BLF2247_3.jpg,200.0
video_BLF2247_3.jpg,200.0
video_BLF2247_7.jpg,200.0
BLF2038_0.jpg,235.0
BLF2038_1.jpg,235.0
BLF2038_3.jpg,235.0
video_BLF2038_3.jpg,235.0
video_BLF2038_7.jpg,235.0
BLF2547_0.jpg,444.0
BLF2547_1.jpg,444.0
BLF2547_3.jpg,444.0
video_BLF2547_3.jpg,444.0
video_BLF2547_7.jpg,444.0
lateral_32.png,465.0
lateral_35.png,602.0
BLF2675_0.jpg,510.0
BLF2675_1.jpg,510.0
BLF2675_3.jpg,510.0
video_BLF2675_3.jpg,510.0
video_BLF2675_7.jpg,510.0
BLF2092_0.jpg,252.0
BLF2092_1.jpg,252.0
BLF2092_3.jpg,252.0
video_BLF2092_3.jpg,252.0
video_BLF2092_7.jpg,252.0
BLF2063_0.jpg,286.0
BLF2063_1.jpg,286.0
BLF2063_3.jpg,286.0
video_BLF2063_3.jpg,286.0
video_BLF2063_7.jpg,286.0
BLF2030_0.jpg,205.0
BLF2030_1.jpg,205.0
BLF2030_3.jpg,205.0
video_BLF2030_3.jpg,205.0
video_BLF2030_7.jpg,205.0
BLF2052_0.jpg,216.0
BLF2052_1.jpg,216.0
BLF2052_3.jpg,216.0
video_BLF2052_3.jpg,216.0
video_BLF2052_7.jpg,216.0
BLF2313_0.jpg,202.0
BLF2313_1.jpg,202.0
BLF2313_3.jpg,202.0
video_BLF2313_3.jpg,202.0
video_BLF2313_7.jpg,202.0
BLF2323_0.jpg,252.0
BLF2323_1.jpg,252.0
BLF2323_3.jpg,252.0
video_BLF2323_3.jpg,252.0
video_BLF2323_7.jpg,252.0
BLF2080_0.jpg,239.0
BLF2080_1.jpg,239.0
BLF2080_3.jpg,239.0
video_BLF2080_3.jpg,239.0
video_BLF2080_7.jpg,239.0
BLF2626_0.jpg,197.0
BLF2626_1.jpg,197.0
BLF2626_3.jpg,197.0
video_BLF2626_3.jpg,197.0
video_BLF2626_7.jpg,197.0
BLF2673_0.jpg,266.0
BLF2673_1.jpg,266.0
BLF2673_3.jpg,266.0
video_BLF2673_3.jpg,266.0
video_BLF2673_7.jpg,266.0
BLF2254_0.jpg,222.0
BLF2254_1.jpg,222.0
BLF2254_3.jpg,222.0
video_BLF2254_3.jpg,222.0
video_BLF2254_7.jpg,222.0
BLF2535_0.jpg,390.0
BLF2535_1.jpg,390.0
BLF2535_3.jpg,390.0
video_BLF2535_3.jpg,390.0
video_BLF2535_7.jpg,390.0
BLF2271_0.jpg,225.0
BLF2271_1.jpg,225.0
BLF2271_3.jpg,225.0
video_BLF2271_3.jpg,225.0
video_BLF2271_7.jpg,225.0
BLF2536_0.jpg,511.0
BLF2536_1.jpg,511.0
BLF2536_3.jpg,511.0
video_BLF2536_3.jpg,511.0
video_BLF2536_7.jpg,511.0
BLF2166_0.jpg,282.0
BLF2166_1.jpg,282.0
BLF2166_3.jpg,282.0
video_BLF2166_3.jpg,282.0
video_BLF2166_7.jpg,282.0
BLF2508_0.jpg,315.0
BLF2508_1.jpg,315.0
BLF2508_3.jpg,315.0
video_BLF2508_3.jpg,315.0
video_BLF2508_7.jpg,315.0
lateral_5.png,448.0
BLF2156_0.jpg,219.0
BLF2156_1.jpg,219.0
BLF2156_3.jpg,219.0
video_BLF2156_3.jpg,219.0
video_BLF2156_7.jpg,219.0
lateral_67.png,486.0
lateral_15.png,497.0
BLF2084_0.jpg,217.0
BLF2084_1.jpg,217.0
BLF2084_3.jpg,217.0
video_BLF2084_3.jpg,217.0
video_BLF2084_7.jpg,217.0
BLF2289_0.jpg,180.0
BLF2289_1.jpg,180.0
BLF2289_3.jpg,180.0
video_BLF2289_3.jpg,180.0
video_BLF2289_7.jpg,180.0
BLF2579_0.jpg,202.0
BLF2579_1.jpg,202.0
BLF2579_3.jpg,202.0
video_BLF2579_3.jpg,202.0
video_BLF2579_7.jpg,202.0
BLF2252_0.jpg,246.0
BLF2252_1.jpg,246.0
BLF2252_3.jpg,246.0
video_BLF2252_3.jpg,246.0
video_BLF2252_7.jpg,246.0
BLF2317_0.jpg,182.0
BLF2317_1.jpg,182.0
BLF2317_3.jpg,182.0
video_BLF2317_3.jpg,182.0
video_BLF2317_7.jpg,182.0
BLF2587_0.jpg,226.0
BLF2587_1.jpg,226.0
BLF2587_3.jpg,226.0
video_BLF2587_3.jpg,226.0
video_BLF2587_7.jpg,226.0
BLF2628_0.jpg,204.0
BLF2628_1.jpg,204.0
BLF2628_3.jpg,204.0
video_BLF2628_3.jpg,204.0
video_BLF2628_7.jpg,204.0
BLF2618_0.jpg,254.0
BLF2618_1.jpg,254.0
BLF2618_3.jpg,254.0
video_BLF2618_3.jpg,254.0
video_BLF2618_7.jpg,254.0
BLF2524_0.jpg,297.0
BLF2524_1.jpg,297.0
BLF2524_3.jpg,297.0
video_BLF2524_3.jpg,297.0
video_BLF2524_7.jpg,297.0
BLF2132_0.jpg,275.0
BLF2132_1.jpg,275.0
BLF2132_3.jpg,275.0
video_BLF2132_3.jpg,275.0
video_BLF2132_7.jpg,275.0
BLF2039_0.jpg,210.0
BLF2039_1.jpg,210.0
BLF2039_3.jpg,210.0
video_BLF2039_3.jpg,210.0
video_BLF2039_7.jpg,210.0
BLF2170_0.jpg,239.0
BLF2170_1.jpg,239.0
BLF2170_3.jpg,239.0
video_BLF2170_3.jpg,239.0
video_BLF2170_7.jpg,239.0
BLF2255_0.jpg,261.0
BLF2255_1.jpg,261.0
BLF2255_3.jpg,261.0
video_BLF2255_3.jpg,261.0
video_BLF2255_7.jpg,261.0
BLF2203_0.jpg,196.0
BLF2203_1.jpg,196.0
BLF2203_3.jpg,196.0
video_BLF2203_3.jpg,196.0
video_BLF2203_7.jpg,196.0
lateral_57.png,346.0
BLF2143_0.jpg,170.0
BLF2143_1.jpg,170.0
BLF2143_3.jpg,170.0
video_BLF2143_3.jpg,170.0
video_BLF2143_7.jpg,170.0
BLF2034_0.jpg,210.0
BLF2034_1.jpg,210.0
BLF2034_3.jpg,210.0
video_BLF2034_3.jpg,210.0
video_BLF2034_7.jpg,210.0
BLF2211_0.jpg,189.0
BLF2211_1.jpg,189.0
BLF2211_3.jpg,189.0
video_BLF2211_3.jpg,189.0
video_BLF2211_7.jpg,189.0
BLF2606_0.jpg,375.0
BLF2606_1.jpg,375.0
BLF2606_3.jpg,375.0
video_BLF2606_3.jpg,375.0
video_BLF2606_7.jpg,375.0
lateral_42.png,445.0
BLF2519_0.jpg,545.0
BLF2519_1.jpg,545.0
BLF2519_3.jpg,545.0
video_BLF2519_3.jpg,545.0
video_BLF2519_7.jpg,545.0
BLF2608_0.jpg,282.0
BLF2608_1.jpg,282.0
BLF2608_3.jpg,282.0
video_BLF2608_3.jpg,282.0
video_BLF2608_7.jpg,282.0
lateral_8.png,434.0
BLF2172_0.jpg,200.0
BLF2172_1.jpg,200.0
BLF2172_3.jpg,200.0
video_BLF2172_3.jpg,200.0
video_BLF2172_7.jpg,200.0
BLF2660_0.jpg,215.0
BLF2660_1.jpg,215.0
BLF2660_3.jpg,215.0
video_BLF2660_3.jpg,215.0
video_BLF2660_7.jpg,215.0
BLF2292_0.jpg,162.0
BLF2292_1.jpg,162.0
BLF2292_3.jpg,162.0
video_BLF2292_3.jpg,162.0
video_BLF2292_7.jpg,162.0
BLF2653_0.jpg,307.0
BLF2653_1.jpg,307.0
BLF2653_3.jpg,307.0
video_BLF2653_3.jpg,307.0
video_BLF2653_7.jpg,307.0
lateral_69.png,512.0
BLF2506_0.jpg,430.0
BLF2506_1.jpg,430.0
BLF2506_3.jpg,430.0
video_BLF2506_3.jpg,430.0
video_BLF2506_7.jpg,430.0
BLF2103_0.jpg,195.0
BLF2103_1.jpg,195.0
BLF2103_3.jpg,195.0
video_BLF2103_3.jpg,195.0
video_BLF2103_7.jpg,195.0
BLF2655_0.jpg,251.0
BLF2655_1.jpg,251.0
BLF2655_3.jpg,251.0
video_BLF2655_3.jpg,251.0
video_BLF2655_7.jpg,251.0
BLF2553_0.jpg,376.0
BLF2553_1.jpg,376.0
BLF2553_3.jpg,376.0
video_BLF2553_3.jpg,376.0
video_BLF2553_7.jpg,376.0
BLF2042_0.jpg,345.0
BLF2042_1.jpg,345.0
BLF2042_3.jpg,345.0
video_BLF2042_3.jpg,345.0
video_BLF2042_7.jpg,345.0
BLF2581_0.jpg,229.0
BLF2581_1.jpg,229.0
BLF2581_3.jpg,229.0
video_BLF2581_3.jpg,229.0
video_BLF2581_7.jpg,229.0
BLF2605_0.jpg,254.0
BLF2605_1.jpg,254.0
BLF2605_3.jpg,254.0
video_BLF2605_3.jpg,254.0
video_BLF2605_7.jpg,254.0
lateral_46.png,353.0
BLF2169_0.jpg,200.0
BLF2169_1.jpg,200.0
BLF2169_3.jpg,200.0
video_BLF2169_3.jpg,200.0
video_BLF2169_7.jpg,200.0
BLF2599_0.jpg,280.0
BLF2599_1.jpg,280.0
BLF2599_3.jpg,280.0
video_BLF2599_3.jpg,280.0
video_BLF2599_7.jpg,280.0
BLF2128_0.jpg,260.0
BLF2128_1.jpg,260.0
BLF2128_3.jpg,260.0
video_BLF2128_3.jpg,260.0
video_BLF2128_7.jpg,260.0
BLF2227_0.jpg,245.0
BLF2227_1.jpg,245.0
BLF2227_3.jpg,245.0
video_BLF2227_3.jpg,245.0
video_BLF2227_7.jpg,245.0
BLF2237_0.jpg,203.0
BLF2237_1.jpg,203.0
BLF2237_3.jpg,203.0
video_BLF2237_3.jpg,203.0
video_BLF2237_7.jpg,203.0
BLF2098_0.jpg,257.0
BLF2098_1.jpg,257.0
BLF2098_3.jpg,257.0
video_BLF2098_3.jpg,257.0
video_BLF2098_7.jpg,257.0
BLF2233_0.jpg,205.0
BLF2233_1.jpg,205.0
BLF2233_3.jpg,205.0
video_BLF2233_3.jpg,205.0
video_BLF2233_7.jpg,205.0
BLF2571_0.jpg,382.0
BLF2571_1.jpg,382.0
BLF2571_3.jpg,382.0
video_BLF2571_3.jpg,382.0
video_BLF2571_7.jpg,382.0
BLF2286_0.jpg,208.0
BLF2286_1.jpg,208.0
BLF2286_3.jpg,208.0
video_BLF2286_3.jpg,208.0
video_BLF2286_7.jpg,208.0
lateral_3.png,450.0
lateral_2.png,507.0
BLF2057_0.jpg,205.0
BLF2057_1.jpg,205.0
BLF2057_3.jpg,205.0
video_BLF2057_3.jpg,205.0
video_BLF2057_7.jpg,205.0
lateral_53.png,550.0
BLF2678_0.jpg,698.0
BLF2678_1.jpg,698.0
BLF2678_3.jpg,698.0
video_BLF2678_3.jpg,698.0
video_BLF2678_7.jpg,698.0
BLF2189_0.jpg,260.0
BLF2189_1.jpg,260.0
BLF2189_3.jpg,260.0
video_BLF2189_3.jpg,260.0
video_BLF2189_7.jpg,260.0
BLF2142_0.jpg,211.0
BLF2142_1.jpg,211.0
BLF2142_3.jpg,211.0
video_BLF2142_3.jpg,211.0
video_BLF2142_7.jpg,211.0
BLF2592_0.jpg,235.0
BLF2592_1.jpg,235.0
BLF2592_3.jpg,235.0
video_BLF2592_3.jpg,235.0
video_BLF2592_7.jpg,235.0
BLF2029_0.jpg,225.0
BLF2029_1.jpg,225.0
BLF2029_3.jpg,225.0
video_BLF2029_3.jpg,225.0
video_BLF2029_7.jpg,225.0
BLF2041_0.jpg,220.0
BLF2041_1.jpg,220.0
BLF2041_3.jpg,220.0
video_BLF2041_3.jpg,220.0
video_BLF2041_7.jpg,220.0
BLF2622_0.jpg,281.0
BLF2622_1.jpg,281.0
BLF2622_3.jpg,281.0
video_BLF2622_3.jpg,281.0
video_BLF2622_7.jpg,281.0
BLF2119_0.jpg,235.0
BLF2119_1.jpg,235.0
BLF2119_3.jpg,235.0
video_BLF2119_3.jpg,235.0
video_BLF2119_7.jpg,235.0
BLF2531_0.jpg,380.0
BLF2531_1.jpg,380.0
BLF2531_3.jpg,380.0
video_BLF2531_3.jpg,380.0
video_BLF2531_7.jpg,380.0
BLF2232_0.jpg,214.0
BLF2232_1.jpg,214.0
BLF2232_3.jpg,214.0
video_BLF2232_3.jpg,214.0
video_BLF2232_7.jpg,214.0
BLF2559_0.jpg,310.0
BLF2559_1.jpg,310.0
BLF2559_3.jpg,310.0
video_BLF2559_3.jpg,310.0
video_BLF2559_7.jpg,310.0
BLF2564_0.jpg,192.0
BLF2564_1.jpg,192.0
BLF2564_3.jpg,192.0
video_BLF2564_3.jpg,192.0
video_BLF2564_7.jpg,192.0
BLF2191_0.jpg,220.0
BLF2191_1.jpg,220.0
BLF2191_3.jpg,220.0
video_BLF2191_3.jpg,220.0
video_BLF2191_7.jpg,220.0
BLF2515_0.jpg,438.0
BLF2515_1.jpg,438.0
BLF2515_3.jpg,438.0
video_BLF2515_3.jpg,438.0
video_BLF2515_7.jpg,438.0
BLF2046_0.jpg,246.0
BLF2046_1.jpg,246.0
BLF2046_3.jpg,246.0
video_BLF2046_3.jpg,246.0
video_BLF2046_7.jpg,246.0
BLF2242_0.jpg,224.0
BLF2242_1.jpg,224.0
BLF2242_3.jpg,224.0
video_BLF2242_3.jpg,224.0
video_BLF2242_7.jpg,224.0
BLF2071_0.jpg,250.0
BLF2071_1.jpg,250.0
BLF2071_3.jpg,250.0
video_BLF2071_3.jpg,250.0
video_BLF2071_7.jpg,250.0
BLF2507_0.jpg,340.0
BLF2507_1.jpg,340.0
BLF2507_3.jpg,340.0
video_BLF2507_3.jpg,340.0
video_BLF2507_7.jpg,340.0
BLF2291_0.jpg,160.0
BLF2291_1.jpg,160.0
BLF2291_3.jpg,160.0
video_BLF2291_3.jpg,160.0
video_BLF2291_7.jpg,160.0
BLF2640_0.jpg,300.0
BLF2640_1.jpg,300.0
BLF2640_3.jpg,300.0
video_BLF2640_3.jpg,300.0
video_BLF2640_7.jpg,300.0
BLF2028_0.jpg,245.0
BLF2028_1.jpg,245.0
BLF2028_3.jpg,245.0
video_BLF2028_3.jpg,245.0
video_BLF2028_7.jpg,245.0
BLF2168_0.jpg,202.0
BLF2168_1.jpg,202.0
BLF2168_3.jpg,202.0
video_BLF2168_3.jpg,202.0
video_BLF2168_7.jpg,202.0
BLF2551_0.jpg,424.0
BLF2551_1.jpg,424.0
BLF2551_3.jpg,424.0
video_BLF2551_3.jpg,424.0
video_BLF2551_7.jpg,424.0
BLF2222_0.jpg,232.0
BLF2222_1.jpg,232.0
BLF2222_3.jpg,232.0
video_BLF2222_3.jpg,232.0
video_BLF2222_7.jpg,232.0
BLF2230_0.jpg,185.0
BLF2230_1.jpg,185.0
BLF2230_3.jpg,185.0
video_BLF2230_3.jpg,185.0
video_BLF2230_7.jpg,185.0
BLF2055_0.jpg,240.0
BLF2055_1.jpg,240.0
BLF2055_3.jpg,240.0
video_BLF2055_3.jpg,240.0
video_BLF2055_7.jpg,240.0
BLF2243_0.jpg,251.0
BLF2243_1.jpg,251.0
BLF2243_3.jpg,251.0
video_BLF2243_3.jpg,251.0
video_BLF2243_7.jpg,251.0
lateral_55.png,497.0
lateral_65.png,445.0
BLF2218_0.jpg,219.0
BLF2218_1.jpg,219.0
BLF2218_3.jpg,219.0
video_BLF2218_3.jpg,219.0
video_BLF2218_7.jpg,219.0
BLF2661_0.jpg,249.0
BLF2661_1.jpg,249.0
BLF2661_3.jpg,249.0
video_BLF2661_3.jpg,249.0
video_BLF2661_7.jpg,249.0
BLF2134_0.jpg,217.0
BLF2134_1.jpg,217.0
BLF2134_3.jpg,217.0
video_BLF2134_3.jpg,217.0
video_BLF2134_7.jpg,217.0
BLF2093_0.jpg,222.0
BLF2093_1.jpg,222.0
BLF2093_3.jpg,222.0
video_BLF2093_3.jpg,222.0
video_BLF2093_7.jpg,222.0
lateral_4.png,604.0
BLF2220_0.jpg,216.0
BLF2220_1.jpg,216.0
BLF2220_3.jpg,216.0
video_BLF2220_3.jpg,216.0
video_BLF2220_7.jpg,216.0
lateral_58.png,465.0
BLF2619_0.jpg,203.0
BLF2619_1.jpg,203.0
BLF2619_3.jpg,203.0
video_BLF2619_3.jpg,203.0
video_BLF2619_7.jpg,203.0
BLF2096_0.jpg,190.0
BLF2096_1.jpg,190.0
BLF2096_3.jpg,190.0
video_BLF2096_3.jpg,190.0
video_BLF2096_7.jpg,190.0
lateral_14.png,441.0
BLF2659_0.jpg,248.0
BLF2659_1.jpg,248.0
BLF2659_3.jpg,248.0
video_BLF2659_3.jpg,248.0
video_BLF2659_7.jpg,248.0
BLF2002_0.jpg,296.0
BLF2002_1.jpg,296.0
BLF2002_3.jpg,296.0
video_BLF2002_3.jpg,296.0
video_BLF2002_7.jpg,296.0
lateral_16.png,409.0
BLF2179_0.jpg,283.0
BLF2179_1.jpg,283.0
BLF2179_3.jpg,283.0
video_BLF2179_3.jpg,283.0
video_BLF2179_7.jpg,283.0
BLF2540_0.jpg,440.0
BLF2540_1.jpg,440.0
BLF2540_3.jpg,440.0
video_BLF2540_3.jpg,440.0
video_BLF2540_7.jpg,440.0
BLF2282_0.jpg,251.0
BLF2282_1.jpg,251.0
BLF2282_3.jpg,251.0
video_BLF2282_3.jpg,251.0
video_BLF2282_7.jpg,251.0
BLF2136_0.jpg,257.0
BLF2136_1.jpg,257.0
BLF2136_3.jpg,257.0
video_BLF2136_3.jpg,257.0
video_BLF2136_7.jpg,257.0
BLF2264_0.jpg,240.0
BLF2264_1.jpg,240.0
BLF2264_3.jpg,240.0
video_BLF2264_3.jpg,240.0
video_BLF2264_7.jpg,240.0
lateral_61.png,601.0
BLF2621_0.jpg,240.0
BLF2621_1.jpg,240.0
BLF2621_3.jpg,240.0
video_BLF2621_3.jpg,240.0
video_BLF2621_7.jpg,240.0
BLF2584_0.jpg,245.0
BLF2584_1.jpg,245.0
BLF2584_3.jpg,245.0
video_BLF2584_3.jpg,245.0
video_BLF2584_7.jpg,245.0
BLF2632_0.jpg,226.0
BLF2632_1.jpg,226.0
BLF2632_3.jpg,226.0
video_BLF2632_3.jpg,226.0
video_BLF2632_7.jpg,226.0
BLF2122_0.jpg,247.0
BLF2122_1.jpg,247.0
BLF2122_3.jpg,247.0
video_BLF2122_3.jpg,247.0
video_BLF2122_7.jpg,247.0
BLF2521_0.jpg,407.0
BLF2521_1.jpg,407.0
BLF2521_3.jpg,407.0
video_BLF2521_3.jpg,407.0
video_BLF2521_7.jpg,407.0
BLF2017_0.jpg,210.0
BLF2017_1.jpg,210.0
BLF2017_3.jpg,210.0
video_BLF2017_3.jpg,210.0
video_BLF2017_7.jpg,210.0
BLF2550_0.jpg,440.0
BLF2550_1.jpg,440.0
BLF2550_3.jpg,440.0
video_BLF2550_3.jpg,440.0
video_BLF2550_7.jpg,440.0
BLF2321_0.jpg,179.0
BLF2321_1.jpg,179.0
BLF2321_3.jpg,179.0
video_BLF2321_3.jpg,179.0
video_BLF2321_7.jpg,179.0
BLF2145_0.jpg,249.0
BLF2145_1.jpg,249.0
BLF2145_3.jpg,249.0
video_BLF2145_3.jpg,249.0
video_BLF2145_7.jpg,249.0
BLF2135_0.jpg,263.0
BLF2135_1.jpg,263.0
BLF2135_3.jpg,263.0
video_BLF2135_3.jpg,263.0
video_BLF2135_7.jpg,263.0
BLF2053_0.jpg,302.0
BLF2053_1.jpg,302.0
BLF2053_3.jpg,302.0
video_BLF2053_3.jpg,302.0
video_BLF2053_7.jpg,302.0
BLF2019_0.jpg,250.0
BLF2019_1.jpg,250.0
BLF2019_3.jpg,250.0
video_BLF2019_3.jpg,250.0
video_BLF2019_7.jpg,250.0
BLF2022_0.jpg,240.0
BLF2022_1.jpg,240.0
BLF2022_3.jpg,240.0
video_BLF2022_3.jpg,240.0
video_BLF2022_7.jpg,240.0
BLF2268_0.jpg,224.0
BLF2268_1.jpg,224.0
BLF2268_3.jpg,224.0
video_BLF2268_3.jpg,224.0
video_BLF2268_7.jpg,224.0
BLF2542_0.jpg,421.0
BLF2542_1.jpg,421.0
BLF2542_3.jpg,421.0
video_BLF2542_3.jpg,421.0
video_BLF2542_7.jpg,421.0
BLF2050_0.jpg,255.0
BLF2050_1.jpg,255.0
BLF2050_3.jpg,255.0
video_BLF2050_3.jpg,255.0
video_BLF2050_7.jpg,255.0
BLF2512_0.jpg,457.0
BLF2512_1.jpg,457.0
BLF2512_3.jpg,457.0
video_BLF2512_3.jpg,457.0
video_BLF2512_7.jpg,457.0
lateral_60.png,497.0
lateral_70.png,644.0
BLF2602_0.jpg,315.0
BLF2602_1.jpg,315.0
BLF2602_3.jpg,315.0
video_BLF2602_3.jpg,315.0
video_BLF2602_7.jpg,315.0
BLF2059_0.jpg,213.0
BLF2059_1.jpg,213.0
BLF2059_3.jpg,213.0
video_BLF2059_3.jpg,213.0
video_BLF2059_7.jpg,213.0
BLF2644_0.jpg,257.0
BLF2644_1.jpg,257.0
BLF2644_3.jpg,257.0
video_BLF2644_3.jpg,257.0
video_BLF2644_7.jpg,257.0
BLF2081_0.jpg,280.0
BLF2081_1.jpg,280.0
BLF2081_3.jpg,280.0
video_BLF2081_3.jpg,280.0
video_BLF2081_7.jpg,280.0
BLF2140_0.jpg,244.0
BLF2140_1.jpg,244.0
BLF2140_3.jpg,244.0
video_BLF2140_3.jpg,244.0
video_BLF2140_7.jpg,244.0
BLF2155_0.jpg,199.0
BLF2155_1.jpg,199.0
BLF2155_3.jpg,199.0
video_BLF2155_3.jpg,199.0
video_BLF2155_7.jpg,199.0
BLF2174_0.jpg,232.0
BLF2174_1.jpg,232.0
BLF2174_3.jpg,232.0
video_BLF2174_3.jpg,232.0
video_BLF2174_7.jpg,232.0
BLF2647_0.jpg,248.0
BLF2647_1.jpg,248.0
BLF2647_3.jpg,248.0
video_BLF2647_3.jpg,248.0
video_BLF2647_7.jpg,248.0
BLF2016_0.jpg,185.0
BLF2016_1.jpg,185.0
BLF2016_3.jpg,185.0
video_BLF2016_3.jpg,185.0
video_BLF2016_7.jpg,185.0
BLF2064_0.jpg,305.0
BLF2064_1.jpg,305.0
BLF2064_3.jpg,305.0
video_BLF2064_3.jpg,305.0
video_BLF2064_7.jpg,305.0
BLF2576_0.jpg,230.0
BLF2576_1.jpg,230.0
BLF2576_3.jpg,230.0
video_BLF2576_3.jpg,230.0
video_BLF2576_7.jpg,230.0
